cluster_id,pv_mw,pv_ratio,bess_mwh,bess_hours,q_night_mvar,q_ratio,capex_musd,npv_musd,irr_percent,payback_years,bc_ratio,lcoe_usd_mwh,avg_pv_flow_musd,avg_network_flow_musd,avg_total_flow_musd,loss_reduction_musd,voltage_support_musd,deferral_musd,network_benefit_ratio
0,117.12320000000001,2.0,0.0,0,35.13696,0.3,108.23823404800001,85.93227840513883,17.856078305241294,7,1.7939179640258245,94.13597240088595,23.971847375830222,2.6697679534713794,25.080750674741065,5075.909551653915,3.2666666666666675,5.40158166531985,0.1064468918053603
2,36.152,2.0,0.0,0,10.8456,0.3,33.40950928,25.56940250424839,17.597825219461754,7,1.7653330759801087,94.13597240088595,7.399304547100952,0.6974643520476151,7.614982378701102,483.60710454312976,3.2666666666666675,1.133704545630993,0.09159106579135415
3,190.144,2.0,0.0,0,57.0432,0.3,175.71967616,147.8375545601855,18.28196209327769,6,1.8413261268793448,94.13597240088596,38.91716540727935,5.438606617342266,41.821781757306866,13378.06393851249,3.2666666666666675,8.62233459341185,0.1300424417329389
4,57.29600000000001,2.0,0.0,0,17.1888,0.3,52.94952544000001,39.838272814663306,17.477723250621093,7,1.7523820559979564,94.13597240088596,11.726890720587969,1.0181981090311296,11.98152276202787,1214.721233348199,3.2666666666666675,0.44471014274212617,0.08498069312675575
13,34.472,2.0,0.0,0,10.3416,0.3,31.856954079999998,25.286560404208824,17.854593290807983,7,1.7937532364427737,94.13597240088595,7.055455475427751,0.7850772576338351,7.381135052909311,439.7045684207618,3.2666666666666675,1.0550499779156104,0.10636267349212002
